3.4,5.6,8.7,6.3,7.8,9.5,4.3,2.4
3.4,5.6,8.7,6.3,7.8,9.5,4.3,2.4
3.4,5.6,8.7,6.3,7.8,9.5,4.3,2.4
3.4,5.6,8.7,6.3,7.8,9.5,4.3,2.4
3.4,5.6,8.7,6.3,7.8,9.5,4.3,2.4
3.4,5.6,8.7,6.3,7.8,9.5,4.3,2.4
3.4,5.6,8.7,6.3,7.8,9.5,4.3,2.4
3.4,5.6,8.7,6.3,7.8,9.5,4.3,2.4
4.5,5.3,6.7,8.5,7.2,4.9,7.6,5.3,5.6,8.7,6.3,7.8,9.5,4.3,2.4
4.5,5.3,6.7,8.5,7.2,4.9,7.6,5.3,5.6,8.7,6.3,7.8,9.5,4.3,2.4
8.5,7.2,4.9,7.6,5.3,5.6,8.7,6.3,7.8,9.0
4.5,5.3,6.7,8.5,7.2,4.9,7.6,5.3,5.6,8.7,6.3,7.8,9.5,4.3,2.4
8.5,7.2,4.9,7.6,5.3,5.6,8.7,6.3,7.8,9.0
4.5,5.3,6.7,8.5,7.2,4.9,7.6,5.3,5.6,8.7,6.3,7.8,9.5,4.3,2.4
4.5,5.3,6.7,8.5,7.2,4.9,7.6,5.3,5.6,8.7,6.3,7.8,9.5,4.3,2.4
8.5,7.2,4.9,7.6,5.3,5.6,8.7,6.3,7.8,9.0
4.5,5.3,6.7,8.5,7.2,4.9,7.6,5.3,5.6,8.7,6.3,7.8,9.5,4.3,2.4
8.5,7.2,4.9,7.6,5.3,5.6,8.7,6.3,7.8,9.0
